Purpose_Num,Consumptive?,Purpose,Units,Jan,Feb,Mar,Apr,May,Jun,Jul,Aug,Sep,Oct,Nov,Dec,Sum,PREVIOUS_monthly_coefficients,Description of Water License Purpose,Reference/Note,
02I47,Consumptive/Non-consumptive,"Heat Exchanger, Residential",M3/D,1,1,1,1,1,1,1,1,1,1,1,1,12,"[1,1,1,1,1,1,1,1,1,1,1,1]"," The diversion and use of water to extract or dissipate heat, by passing water through an open loop system, for one or more private dwellings, other than multi-family building, located on a single parcel.","Water use likely higher in winter months than summer months. In BC, water use for heating is more common than water use for cooling.",
WSA06,Non-consumptive,Ice & Snow Making,M3/Y,3,1.5,0.5,0,0,0,0,0,0,0,3,4,12,"[0.25,0.25,0,0,0,0,0,0,0,0,0.25,0.25]",The diversion and use of water for the commercial production of ice or for making snow or ice for a recreation facility or area.,"There are more snow-making licenses in this category and they are larger, so uses estimated coefficients for snowmaking. Caution should be taken if upstream licenses are used for icemaking, as diversions for icemaking occur in August, which typically coincides with low flows.",
02I36,Consumptive,Processing & Mfg: Wharves,M3/D,1,1,1,1,1,1,1,1,1,1,1,1,12,"[1,1,1,1,1,1,1,1,1,1,1,1]","The diversion and use of water for the operation of a sawmill, shipyard, factory or other manufacturing facility or for the operation of a wharf, and includes the use of water in a gravel washing plant or the use in an industrial context of water to prevent a fire.","Coefficients for 'Processing' (Ecofish, 2015). Water use is relatively consistent throughout year where water is used for commericial activity, but water use typically increases in summer with visitation (5-15% approximately) (Mike Carter, Port Alberni Port Authority). Landscaping irrigation is likely typically very limited at wharves. ",
WSA01,Consumptive,Domestic (WSA01),M3/D,1,1,1,1,1,1,1,1,1,1,1,1,12,"[1,1,1,1,1,1,1,1,1,1,1,1]","the use of water for household purposes by the occupants of, subject to the regulations, one or more private dwellings, other than multi-family apartment buildings, including, without limitation, hotels and strata titled or cooperative buildings, located on a single parcel, including, without limitation, the following uses: (Section 2, WSA)
(a) drinking water, food preparation and sanitation;
(b) fire prevention;
(c) providing water to animals or poultry kept
(i) for household use, or
(ii) as pets;
(d) irrigation of a garden not exceeding 1 000 m2 that is adjoining and occupied with a dwelling, [note that a ‘garden’ includes a lawn]","Coefficients for 'Domestic' (Ecofish, 2015). Water use likely to double in summer due to irrigation use (irrigation typically occurs May-September, with highest use in June-Aug). Summer use is on average twice winter use. Could potentially use coefficients of 0.5 in the winter.",
02I30,Non-consumptive,Ice & Snow Making: Snow,M3/Y,3,1.5,0.5,0,0,0,0,0,0,0,3,4,12,"[0.25,0.25,0,0,0,0,0,0,0,0,0.25,0.25]",Ice and snow making – The diversion and use of water for the commercial production of ice or for making snow or ice for a recreation facility or area.,"Most significant use is before Christmas (Arthur DeJong, Whistler Blackcomb). Diversion begins at some point in November, based on weather and is highest in December, in preparation for holiday visitation. Use continues (based on season), through Jan, Feb, with some use in Mar based on weather conditions.",
02I29,Consumptive,Processing & Mfg: Shipyard,M3/D,1,1,1,1,1,1,1,1,1,1,1,1,12,"[1,1,1,1,1,1,1,1,1,1,1,1]","The diversion and use of water for the operation of a sawmill, shipyard, factory or other manufacturing facility or for the operation of a wharf, and includes the use of water in a gravel washing plant or the use in an industrial context of water to prevent a fire.","No current licenses. Used coefficients for 'Processing' (Ecofish, 2015). ",
05H,Consumptive,O & G: Drilling,M3/D,1,1,1,1,1,1,1,1,1,1,1,1,12,"[1,1,1,1,1,1,1,1,1,1,1,1]",Water is used for drilling activities related to oil and natural gas development or production.,"Varies with market conditions and specific license conditions (e.g. EFN requirements). Use is fully consumptive (Suzan Lapp, BC Oil and Gas Commission).",
02I21,Consumptive,Camps & Pub Facil: Institutions,M3/D,1,1,1,1,1,1,1,1,1,1,1,1,12,"[1,1,1,1,1,1,1,1,1,1,1,1]","The diversion and use of water for the operation of a church, community hall, school, hospital or other public institution.","Coefficients for 'Camps' (Ecofish, 2015). Monthly use will vary by user. Some users may use more water in the summer (e.g., due to irrigation), whereas others may use more in the winter (e.g. schools with winter attendance). For schools, May, June, and to a lesser extent, September, are likely to have higher use due to high indoor use and irrigation combined (e.g. 25% higher) (source: water license holder for this purpose).",
02I12,Consumptive,Misc Indl: Fire Protection,"M3/S, M3/D, M3/Y, TF, Select",1,1,1,1,1,1,1,1,1,1,1,1,12,"[0.0833333,0.0833333,0.0833333,0.0833333,0.0833333,0.0833333,0.0833333,0.0833333,0.0833333,0.0833333,0.0833333,0.0833333]",The diversion and use of water for a standby system for fire protection.,"Coefficients for 'Fire Protection' (Ecofish, 2015). Most of the water is used for structure fires and motor vehicle accidents (MVAs) and those can happen anytime of year. Assume water use is consistent throughout the year, as structure fires and MVAs may be more likely to occur in the winter, and wildfire is more likely to occur in the summer (Cody, Cariboo Regional District). ",
02I12,Consumptive,Misc Indl: Fire Protection,M3/Y,1,1,1,1,1,1,1,1,1,1,1,1,12,,,"Coefficients for 'Fire Protection [MY]' (Ecofish, 2015). ",
02I39,Consumptive,Vehicle & Eqpt: Mine & Quarry,M3/D,1,1,1,1,1,1,1,1,1,1,1,1,12,"[1,1,1,1,1,1,1,1,1,1,1,1]","The diversion and use of water to wash trucks, other vehicles or equipment, operate equipment to explore for, take samples or quarry rock, or to cool the brakes on logging trucks or other vehicles.","Water more likely to be used more in spring through fall than winter, but may vary (Jeremy Roscoe).",
02I33,Consumptive,Vehicle & Eqpt: Truck & Eqp Wash,M3/D,1,1,1,1,1,1,1,1,1,1,1,1,12,"[1,1,1,1,1,1,1,1,1,1,1,1]","The diversion and use of water to wash trucks, other vehicles or equipment, operate equipment to explore for, take samples or quarry rock, or to cool the brakes on logging trucks or other vehicles.","Coefficients for 'Truckwashing' (Ecofish, 2015). ",
02I37,Consumptive,Camps & Pub Facil: Work Camps,M3/D,1,1,1,1,1,1,1,1,1,1,1,1,12,"[1,1,1,1,1,1,1,1,1,1,1,1]",The diversion and use of water for the operation of residential camps for workers.,"Coefficients for 'Work Camps' (Ecofish, 2015). Water use likely to be higher in summer for some camps due to higher populations in summer, but this is not the case for all camps. ",
02HU,Consumptive,Marine Export - Used (Inactive),M3/Y,1,1,1,1,1,1,1,1,1,1,1,1,12,"[1,1,1,1,1,1,1,1,1,1,1,1]",,No current licenses,
02I24,Non-consumptive,Misc Indl: Overburden Disposal,TF,1,1,1,1,1,1,1,1,1,1,1,1,12,"[1,1,1,1,1,1,1,1,1,1,1,1]",The use of a streambed for overburden disposal.,"Typically used when a gully is filled and is likely to be more an approach to land and watercourse protection/management, than a diversion (Barry Watson). Likely relatively consistent 'use'.",
07C,Non-consumptive,Power: General,"M3/S, M3/Y",1,1,1,1,1,1,1,1,1,1,1,1,12,"[1,1,1,1,1,1,1,1,1,1,1,1]","a) The use of the capacity and energy generated from one or more power developments owned by a public utility regulated by the British Columbia Utilities Commission under Part 3 of the Utilities Commission Act,
(b) the use of the capacity and energy generated from one or more power developments of an amount of capacity and energy in excess of the amount necessary to supply the licensee’s commercial category requirements, or
(c) the use of the capacity and energy generated from a power development, which use is not residential or commercial;","Coefficients for 'Power-General' (Ecofish, 2015). ",
02I43,Consumptive,Transport Mgmt: Tunnelling/Well Drilling,DNE,1,1,1,1,1,1,1,1,1,1,1,1,12,"[1,1,1,1,1,1,1,1,1,1,1,1]","The diversion and use of water for water well drilling and for construction and maintenance of a transportation or utility corridors, including for
2 “game farm” has the same meaning as in the Game Farm Regulation [Animal Health Act] [Section 1, Water Sustainability Regulation]
3 “fur farming” has the same meaning as in the Fur Farm Regulation [Animal Health Act] [Section 1, Water Sustainability Regulation]
Water Use Purpose Definitions and Categories (Date of last revision to document, June 22nd 2016) Page 4
? dust control, soil compaction;
? bridge washing;
? tunnelling, but not for mining;
? pressure testing or cleaning a pipeline;
? hydroseeding; or
? pesticide or fertilizer application, other than through an irrigation system.",No current licenses,
02I11,Consumptive,Processing & Mfg: Fire Prevention,M3/S,1,1,1,1,1,1,1,1,1,1,1,1,12,"[0.0833333,0.0833333,0.0833333,0.0833333,0.0833333,0.0833333,0.0833333,0.0833333,0.0833333,0.0833333,0.0833333,0.0833333]",The diversion and use of water in an industrial context of water to prevent a fire.,"Coefficients for 'Processing' (Ecofish, 2015). It is likely that the majority of the use (e.g. 80%) would be through summer and fall (e.g, spraying vegetation to reduce fire risk), but it is likely to vary by application (Barry Watson).",
02I23,Consumptive,O & G: Oil Fld Inject. (non-deep GW),M3/D,1,1,1,1,1,1,1,1,1,1,1,1,12,"[1,1,1,1,1,1,1,1,1,1,1,1]","Water that is not deep groundwater is pumped into the subsurface to assist in the recovery of oil or natural gas. [Note, ‘other than deep groundwater’ includes groundwater that is not ‘deep groundwater’ as well as stream water.]",,
02C,Consumptive,Cooling,M3/D,1,1,1,1,1,1,1,1,1,1,1,1,12,"[1,1,1,1,1,1,1,1,1,1,1,1]","The diversion and use of water for cooling purposes in any manufacturing, processing or industrial operation.","Coefficients for 'Processing' and 'Industrial' (Ecofish, 2015). Water use likely consistent due to challenges of shutting down and starting up processing operations.",
02F,Consumptive,"Lwn, Fairway & Grdn: Watering",M3/Y,0,0,0,0,1.2,3,3.6,3,1.2,0,0,0,12,"[0,0,0,0.1,0.2,0.2,0.2,0.2,0.1,0,0,0]","The diversion and use of water for watering a golf course, sports field, park or similar property, as well as watering a commercial lawn, an ornamental garden that is not adjoining and occupied with a dwelling and the portion of an ornamental garden that is adjoining and occupied with a dwelling which garden is larger than 1 000m2.",Coefficients for Irrigation. Some relatively small volumes may be used in April and October in some locations for some licenses.,
01A,Consumptive,Domestic,M3/D,1,1,1,1,1,1,1,1,1,1,1,1,12,"[1,1,1,1,1,1,1,1,1,1,1,1]","""domestic purpose"" means the use of water for household purposes by the occupants of, subject to the regulations, one or more private dwellings, other than multi-family apartment buildings, including, without limitation, hotels and strata titled or cooperative buildings, located on a single parcel, including, without limitation, the following uses: (Section 2, WSA)
(a) drinking water, food preparation and sanitation;
(b) fire prevention;
(c) providing water to animals or poultry kept
(i) for household use, or
(ii) as pets;
(d) irrigation of a garden not exceeding 1 000 m2 that is adjoining and occupied with a dwelling, [note that a ‘garden’ includes a lawn]","Coefficients for 'Domestic' (Ecofish, 2015). Note: water use likely to double in summer due to irrigation use (irrigation typically occurs May-September, with highest use in June-Aug)r. Because use is up to half of max demand in the winter, coefficients could potentially be 0.5 in the winter in some cases.",
02I07,Consumptive,Indl Waste Mgmt: Effluent,M3/Y,0.95,0.95,0.95,0.95,1.05,1.07,1.08,1.08,1.07,0.95,0.95,0.95,12,"[1,1,1,1,1,1,1,1,1,1,1,1]","The diversion and use of water for diluting or treating effluent and sewage, for the operation of a landfill or industrial composting facility or for the washing and cleaning of water intake screens. [Note, see ‘Crop harvesting and processing’ above, for water use related to agriculture vegetative waste composting operations.]","Coefficients for 'Industrial' (Ecofish, 2015). Water use likely to be consistent througout the year with some increase in summer due to additional maintenance activities and potentially dilution requirements.",
02I26,Non-consumptive,River Improvement,TF,1,1,1,1,1,1,1,1,1,1,1,1,12,"[1,1,1,1,1,1,1,1,1,1,1,1]","The clearing or excavation of the stream channel, including for river improvement;","Generally, the intent is to take water from a stream and place in another location. All existing licenses have units of TF (non-consumptive). In some cases, water may be returned to the same stream and it may be non-consumptive (Barry Watson). ",
02I41,Consumptive,Livestock & Animal: Kennel,M3/D,1,1,1,1,1,1,1,1,1,1,1,1,12,"[1,1,1,1,1,1,1,1,1,1,1,1]",The diversion and use of water to provide drinking water and sanitation requirements in the operation or maintenance of a kennel.,"Coefficients for 'Stockwatering' (Ecofish, 2015). ",
WSA04,Consumptive,"Crop Harvest, Protect & Compost",M3/Y,0,1.2,1.2,1.2,1.2,1.2,1.2,1.2,1.2,1.2,1.2,0,12,"[1,1,1,1,1,1,1,1,1,1,1,1]","The diversion and use of water to clean or wash crops, to prevent crops from reaching maturity or to delay maturation of crops, to protect crops or seedlings from frost, to harvest crops, such as cranberries or wild rice, by flooding or in agricultural vegetative waste composting operations. [Note, see ‘Waste management’ below for water use in an industrial composting facility.]","This category contains several uses that happen at very different times and have very different returns flows. Given the variability within this category, water use is distributed equally through the months with the greatest likelihood of use (Feb-Nov). In areas that are under stress or places where there are large licenses for this purpose, further investigation is required.",
09B,Consumptive,Mineralized Water: Comm. Pool,M3/D,1,1,1,1,1,1,1,1,1,1,1,1,12,"[1,1,1,1,1,1,1,1,1,1,1,1]","The use in commercial bathing pools of water that is
(i) impregnated with mineral salts, elements or gases, or
(ii) naturally at a temperature suitable for that use;
? Commercial bathing pools – Mineralized water is used in commercial bathing pools.","Use likely variable, Given that units in M3/day, assume consistent use. ",
02I16,Consumptive,Indl Waste Mgmt: Garbage Dump,M3/D,1,1,1,1,1,1,1,1,1,1,1,1,12,"[1,1,1,1,1,1,1,1,1,1,1,1]","The diversion and use of water for diluting or treating effluent and sewage, for the operation of a landfill or industrial composting facility or for the washing and cleaning of water intake screens. [Note, see ‘Crop harvesting and processing’ above, for water use related to agriculture vegetative waste composting operations.]","Coefficients for 'Industrial' and 'Sewage Disposal' (Ecofish, 2015).",
02I35,Consumptive,Waterworks: Water Delivery,M3/D,1,1,1,1,1,1,1,1,1,1,1,1,12,"[1,1,1,1,1,1,1,1,1,1,1,1]","Water is transported to customers by tanker truck, in bottles or similar containers.","Coefficients for 'Bottle Sales' (Ecofish, 2015).",
12A,Non-consumptive,Stream Storage: Power,M3/Y,1,1,1,1,1,1,1,1,1,1,1,1,12,"[0.0833333,0.0833333,0.0833333,0.0833333,0.0833333,0.0833333,0.0833333,0.0833333,0.0833333,0.0833333,0.0833333,0.0833333]",Water from a stream is stored so that it can be used for power production.,"Coefficients for 'Storage-Power' (Ecofish, 2015). ",
05B,Consumptive,Mining: Washing Coal,"M3/D, M3/S",1,1,1,1,1,1,1,1,1,1,1,1,12,"[1,1,1,1,1,1,1,1,1,1,1,1]",Water is used in the operation and/or maintenance of coal washing operations.,Significant volumes of water used without any particularly seasonality to use. Water goes into a tailing pond with a long retention time. Assume fully consumptive (Jeremy Roscoe).,
02A,Consumptive,Pulp Mill,"M3/D, M3/S",1,1,1,1,1,1,1,1,1,1,1,1,12,"[1,1,1,1,1,1,1,1,1,1,1,1]",The diversion and use of water in the production of pulp and paper products or in the operation and maintenance of a pulp mill.,"Coefficients for 'Pulp Mills' (Ecofish, 2015). ",
02I01,Consumptive,Vehicle & Eqpt: Brake Cooling,"M3/D, M3/S",1,1,1,1,1,1,1,1,1,1,1,1,12,"[1,1,1,1,1,1,1,1,1,1,1,1]","The diversion and use of water to wash trucks, other vehicles or equipment, operate equipment to explore for, take samples or quarry rock, or to cool the brakes on logging trucks or other vehicles.","Use uncommon and likely greater in summer and fully consumptive, as water evaporates (Jeremy Roscoe, Barry Watson).",
02I,Consumptive,Industrial - Misc (Inactive),DNE,1,1,1,1,1,1,1,1,1,1,1,1,12,"[1,1,1,1,1,1,1,1,1,1,1,1]",,"No current licenses. Used coefficients for 'Industrial' and 'Processing' (Ecofish, 2015). ",
02E,Consumptive,Pond & Aquaculture,"M3/S, M3/D, M3/Y, TF ",1,1,1,1,1,1,1,1,1,1,1,1,12,"[1,1,1,1,1,1,1,1,1,1,1,1]","The diversion and use of water for floating logs, fur farming3, fish farming or keeping fish for recreational purposes, but does not include a fish hatchery.","Water use for this type of use typically does not vary from month to month (Gary Robinson, Kuterra [license holder for purpose])",
02I15,Consumptive,Livestock & Animal: Game Farm,M3/D,1,1,1,1,1,1,1,1,1,1,1,1,12,"[1,1,1,1,1,1,1,1,1,1,1,1]","The diversion and use of water to provide drinking water and sanitation requirements in the operation or maintenance of a kennel, an animal shelter or boarding facility, a ranch or feedlot operation, or a game farm2, dairy farm, pig farm or poultry farm, or similar enterprise for rearing livestock.","Coefficients for 'Stockwatering' (Ecofish, 2015). ",
00B,Consumptive,Waterworks (other than LP),M3/D,1,1,1,1,1,1,1,1,1,1,1,1,12,"[1,1,1,1,1,1,1,1,1,1,1,1]","Water is conveyed by someone other than a local provider for waterworks purpose, but does not include water delivery.","Coefficients for 'Waterworks (Other) [M3/D]' (Ecofish, 2015).",
00B,Consumptive,Waterworks (other than LP),M3/Y,0.8,0.8,0.8,0.8,1,1.2,1.6,1.6,1,0.8,0.8,0.8,12,,"Water is conveyed by someone other than a local provider for waterworks purpose, but does not include water delivery.","Same as Waterworks: Local Provider. Water use typically doubles in peak summer months due to increased use for irrigation, washing and bathing, tourism, etc.",
02G,Consumptive,Fresh Water Bottling,"M3/D, M3/Y",1,1,1,1,1,1,1,1,1,1,1,1,12,"[1,1,1,1,1,1,1,1,1,1,1,1]","The diversion and use of water for the bottling, for commercial distribution, of fresh water, including the bottling of carbonated water and water fortified with vitamins, but not including mineralized water or fermented or other processed beverages.","Coefficients for 'Bottle Sales' (Ecofish, 2015).",
11C,Non-consumptive,Conservation: Construct Works,"M3/S, M3/D, M3/Y, TF ",1,1,1,1,1,1,1,1,1,1,1,1,12,"[1,1,1,1,1,1,1,1,1,1,1,1]","""conservation purpose"" means the diversion, retention or use of water for the purpose of conserving fish or wildlife and includes the construction of works for that purpose (Section 2, WSA)
Sub purposes
? Conservation – construct works – associated with conservation purpose - Works are constructed for conserving fish or wildlife.
? Conservation – stored water – Water is stored for conserving fish or wildlife.
? Conservation – use of water – Water is used for conserving fish or wildlife.","Coefficients for 'Conserv.-Use of Water' (Ecofish, 2015).",
11B,Non-consumptive,Conservation: Use of Water,"M3/S, M3/D, M3/Y, TF ",1,1,1,1,1,1,1,1,1,1,1,1,12,"[1,1,1,1,1,1,1,1,1,1,1,1]","""conservation purpose"" means the diversion, retention or use of water for the purpose of conserving fish or wildlife and includes the construction of works for that purpose (Section 2, WSA)
Sub purposes
? Conservation – construct works – associated with conservation purpose - Works are constructed for conserving fish or wildlife.
? Conservation – stored water – Water is stored for conserving fish or wildlife.
? Conservation – use of water – Water is used for conserving fish or wildlife.","Coefficients for 'Conserv.-Use of Water' (Ecofish, 2015).",
05C,Consumptive,Mining: Processing Ore,"M3/D, M3/S",1,1,1,1,1,1,1,1,1,1,1,1,12,"[1,1,1,1,1,1,1,1,1,1,1,1]","Mining Purpose – ""mining purpose"" means (Section 2, WSA)
(a) the use of water, including the use of water under pressure, for recovering minerals from the ground or from ore, or
(b) the use of water under pressure to move earth, sand, gravel or rock;","Coefficients for 'Processing' (Ecofish, 2015). Water use consistent through out year (Jeremy Roscoe). The water use would be entirely dependent on how much they were processing, which may change seasonally but shouldn't. Processing plants are expensive so they generally run at full capacity all the time. Mostly consumptive.",
WSA13,Consumptive,Industrial Waste Mgmt,M3/D,1,1,1,1,1,1,1,1,1,1,1,1,12,"[1,1,1,1,1,1,1,1,1,1,1,1]","The diversion and use of water for diluting or treating effluent and sewage, for the operation of a landfill or industrial composting facility or for the washing and cleaning of water intake screens.","Coefficients for 'Industrial' and 'Sewage Disposal' (Ecofish, 2015).",
02H,Consumptive,Bulk Shipment for Marine Trans,DNE,1,1,1,1,1,1,1,1,1,1,1,1,12,"[1,1,1,1,1,1,1,1,1,1,1,1]",,No current licenses. ,
02I28,Consumptive,Indl Waste Mgmt: Sewage Disposal,,1,1,1,1,1,1,1,1,1,1,1,1,12,"[1,1,1,1,1,1,1,1,1,1,1,1]","The diversion and use of water for diluting or treating effluent and sewage, for the operation of a landfill or industrial composting facility or for the washing and cleaning of water intake screens.","Coefficients for 'Sewage Disposal' (Ecofish, 2015). Typically small volumes of water that are used fairly consistently thoughout the year (staff at City of Vernon, District of Squamish [license holders for this purpose]). ",
05D,Consumptive,Mining: Placer,M3/s,1,1,1,1,1,1,1,1,1,1,1,1,12,"[1,1,1,1,1,1,1,1,1,1,1,1]",Water is used in the operation and/or maintenance of placer mining operations.,"While there are several water licenses for the whole year, water diversion for this purpose only occurs in summer months (from April-end of October or less) (Jeremy Roscoe).  Typically water is taken out of a stream, sprayed on rock nearby, then sent to a settling pond, where sediment settles out, then water infiltrates through the gravel back into the watershed or stream indirectly. Operations typically occur May til end the end of October (Barry Watson, Jeremy Roscoe). Most license periods vary from 6/7 months to a year. ",
WSA07,Consumptive,Misc Indust,"M3/S, M3/D, M3/Y, TF ",1,1,1,1,1,1,1,1,1,1,1,1,12,"[1,1,1,1,1,1,1,1,1,1,1,1]","o The diversion of water to dewater a construction site, mine or similar excavation;
o The diversion and use of water for a standby system for fire protection;
o The use of a streambed for overburden disposal;
o The diversion and use of water for driving, booming and storing logs or other timber products; [Note, see ‘Pond and aquaculture’ for water use related to floating logs.]
o The clearing or excavation of the stream channel, including for river improvement;
o The impoundment of water in a settling pond for sediment control.","Coefficients for 'Industrial' (Ecofish, 2015).",
WSA07,Consumptive,Misc Indust,"M3/S, M3/D, M3/Y, TF ",1,1,1,1,1,1,1,1,1,1,1,1,12,"[1,1,1,1,1,1,1,1,1,1,1,1]","o The diversion of water to dewater a construction site, mine or similar excavation;
o The diversion and use of water for a standby system for fire protection;
o The use of a streambed for overburden disposal;
o The diversion and use of water for driving, booming and storing logs or other timber products; [Note, see ‘Pond and aquaculture’ for water use related to floating logs.]
o The clearing or excavation of the stream channel, including for river improvement;
o The impoundment of water in a settling pond for sediment control.","Coefficients for 'Industrial' (Ecofish, 2015).",
02I02,Consumptive,Camps & Pub Facil: Non-Work Camps,M3/D,1,1,1,1,1,1,1,1,1,1,1,1,12,"[1,1,1,1,1,1,1,1,1,1,1,1]","Diversion and use of water for the operation of a recreational camp (camp that provides one or more of the following: (a) recreational experiences; (b) educational experiences; (c) rehabilitative or therapeutic experiences for persons with disabilities or chronic or life-threatening illnesses; (d) religious instruction; (e) leadership training. [Section 1, Water Sustainability Regulation])","Coefficients for 'Camps' (Ecofish, 2015). Likely higher use in summer for many users.",
09A,Consumptive,Mineralized Water: Bottling & Dist,M3/D,1,1,1,1,1,1,1,1,1,1,1,1,12,"[1,1,1,1,1,1,1,1,1,1,1,1]","Mineralized water is used for sale in bottles or other containers, but does not include fresh water bottling.","Coefficients for 'Bottle Sales' (Ecofish, 2015).",
08A,Non-consumptive,Stream Storage: Non-Power,M3/Y,1,1,1,1,1,1,1,1,1,1,1,1,12,"[0.0833333,0.0833333,0.0833333,0.0833333,0.0833333,0.0833333,0.0833333,0.0833333,0.0833333,0.0833333,0.0833333,0.0833333]",Water from a stream is stored so that it can be used for purposes other than power production.,"Coefficients for Storage-Non Power' (Ecofish, 2015).",
05A,Consumptive,Mining: Hydraulic,M3/S,1,1,1,1,1,1,1,1,1,1,1,1,12,"[1,1,1,1,1,1,1,1,1,1,1,1]",Water is used in mining operations in which the force of the water is used to expose the minerals.,"While some licenses are for use for the whole year, this use typically occurs May-end of October. New licenses for this purpose are not allowed in BC anymore and there are only 3 active licenses. Water use involves using water pressure to remove material from high banks to get it lower down to get it into a sluicebox for placer mining purposes.  Water would be returned to system in a highly sediment laden form (the use involves hosing water at a hillside and water re-enters the creek) (Jeremy Roscoe).",
02I38,Non-consumptive,Fish Hatchery,"M3/D, M3/S",1,1,1,1,1,1,1,1,1,1,1,1,12,"[1,1,1,1,1,1,1,1,1,1,1,1]","The use of water to produce fish eggs and to propagate fish by hatching fish eggs, rearing fry or sustaining brood stock under controlled conditions in a containment facility.","Non-consumptive, most use is in Feb-Apr and use is similar across fish hatcheries (Jordan Uittenbogaard, Tenderfoot Hatchery). ",
00A,Consumptive,Waterworks: Local Provider,M3/Y,0.8,0.8,0.8,0.8,1,1.2,1.6,1.6,1,0.8,0.8,0.8,12,"[0,0,0,0.1,0.2,0.2,0.2,0.2,0.1,0,0,0]",Water is conveyed by a local provider for waterworks purpose. See the definition of ‘local provider’ in the Water Sustainability Fees Rentals and Charges Tariff Regulation.,"Water use typically doubles in summer months due to increased use for irrigation, washing and bathing, tourism, etc. In some areas, such as the Okangan, water use can go up by 4 times in the summer. Coefficients are monthly averages, and peak day (day of highest use) is typically much higher. ",
WSA03,Consumptive,Commercial Enterprise,M3/DAY,1,1,1,1,1,1,1,1,1,1,1,1,12,"[1,1,1,1,1,1,1,1,1,1,1,1]","Commercial enterprise – The diversion and use of water
(a) for the operation of apartment buildings, hotels, motels, restaurants, service stations, mobile home, trailer or manufactured home parks, public campgrounds, including campgrounds in public parks, and commercial campgrounds, other than campgrounds associated with recreational camps, marinas, commercial amusement parks, including water parks, or commercial enterprises, or
(b) in a food and beverage processing plant.","Coefficients for 'Enterprise [MY]' (Ecofish, 2015).",
WSA03,Consumptive,Commercial Enterprise,M3/YEAR,0.8,0.8,0.8,0.8,1,1.2,1.6,1.6,1,0.8,0.8,0.8,12,"[1,1,1,1,1,1,1,1,1,1,1,1]","Commercial enterprise – The diversion and use of water
(a) for the operation of apartment buildings, hotels, motels, restaurants, service stations, mobile home, trailer or manufactured home parks, public campgrounds, including campgrounds in public parks, and commercial campgrounds, other than campgrounds associated with recreational camps, marinas, commercial amusement parks, including water parks, or commercial enterprises, or
(b) in a food and beverage processing plant.","On average, use is likely higher in the summer, due to irrigation demand, tourism, higher washing and cooling requirements, etc. For some users such as food and beverage processing plants, use may not peak in the summer months.",
05F,Consumptive,O & G: Hydrlc Frctrg  (deep GW),M3/D,1,1,1,1,1,1,1,1,1,1,1,1,12,"[1,1,1,1,1,1,1,1,1,1,1,1]",Deep groundwater is injected under high pressure to fracture a subsurface formation to assist in the recovery of oil or natural gas.,"Varies with market conditions and specific license conditions (e.g. EFN requirements). Use is fully consumptive (Suzan Lapp, BC Oil and Gas Commission).",
04B,Consumptive,Land Improve: Indl for Rehab/Remed,M3/Y,1,1,1,1,1,1,1,1,1,1,1,1,12,"[0.0833333,0.0833333,0.0833333,0.0833333,0.0833333,0.0833333,0.0833333,0.0833333,0.0833333,0.0833333,0.0833333,0.0833333]","Land Improvement Purpose – ""land improvement purpose"" means the diversion or impounding of water to (Section 2,
WSA)
(a) protect land,
(b) facilitate the development of a recreational facility or of a park or other protected area,
(c) facilitate the reclamation, drainage or other improvement of land, or
(d) carry out a project of a nature similar to a project described in paragraph (b) or (c);
Sub purposes
? Land improvement – general – Water is diverted or impounded to protect land, to facilitate the development
of a recreation facility or of a park or other protected area or the reclamation, drainage or other improvement
of land. Ponds for aesthetic purposes are included in this purpose.
? Land improvement – industrial rehabilitation or remediation purposes – Water is diverted or impounded to
protect, reclaim or drain land zoned or used for industrial purposes. ","Coefficients for 'Land Improve' (Ecofish, 2015). Generally, the intent is to take water from a stream and place in another location. In some cases, water may be returned to the same stream and it may be non-consumptive. In other cases, it may be consumptive (classified as consumptive in Rood & Hamilton, 1995 and Ecofish, 2015).",
02I17,Consumptive,Grnhouse & Nursery: Grnhouse,M3/D,0,1,1,1,1,1,1,1,1,1,1,0,10,"[0,0.01,0.01,0.02,0.1,0.14,0.24,0.24,0.17,0.06,0.01,0]","Greenhouse and nursery – The diversion and use of water in a facility for the indoor propagation of fruits,
vegetables or other plants, or at a facility for the propagation of trees, plants or turf.","Use often varies, with higher use in summer months and most use between Feb and Nov. Because units are in max M3/D, assume consistent use.",
02I31,Consumptive,Livestock & Animal: Stockwatering,M3/D,1,1,1,1,1,1,1,1,1,1,1,1,12,"[0.07,0.07,0.07,0.07,0.07,0.12,0.15,0.1,0.07,0.07,0.07,0.07]","The diversion and use of water in a facility for the indoor propagation of fruits, vegetables or other plants.","Coefficients for 'Stockwatering' (Ecofish, 2015, verified with MAFF Livestockwatering Factsheets. Generally, summer water requirements are twice winter requirements. There is generally no return, as the majority of water goes to milk or meat.",
WSA02,Consumptive,Camps & Public Facilities,M3/D,1,1,1,1,1,1,1,1,1,1,1,1,12,"[1,1,1,1,1,1,1,1,1,1,1,1]","Camp and public facility – The diversion and use of water for the operation of
(a) a church, community hall, school, hospital or other public institution,
(b) public facilities such as drinking fountains, washrooms or public water parks, or
(c) public exhibition grounds, residential camps for workers or recreational camps1,
but excluding public or commercial campgrounds, except campgrounds that are part of a recreational camp.","Coefficients for 'Camps' and 'Public Facilities (Ecofish, 2015). Water use is likely to be higher in the summer for most users.",
WSA10,Consumptive,Well Drill/Transprt Mgmt,M3/D,1,1,1,1,1,1,1,1,1,1,1,1,12,"[1,1,1,1,1,1,1,1,1,1,1,1]","The diversion and use of water for water well drilling and for construction and maintenance of a transportation or utility corridors, including for
? dust control, soil compaction;
? bridge washing;
? tunnelling, but not for mining;
? pressure testing or cleaning a pipeline;
? hydroseeding; or
? pesticide or fertilizer application, other than through an irrigation system.","This category contains a wide range of uses and while water use is likely to go up in the summer and may not occur for some of these purposes in the winter, given that the max units are in M3/D, and the wide range of uses, the coefficents are assumed to be consistent.",
02I14,Consumptive,Crops: Frost Protection,M3/Y,0,5,5,2,0,0,0,0,0,0,0,0,12,"[0,0.5,0.5,0,0,0,0,0,0,0,0,0]",The diversion and use of water to protect crops or seedlings from frost.,"Based on conversations with Carolyn Teasdale, Stephanie Tam, Ted van der Gulik.",
02I08,Consumptive,Transport Mgmt: Dust Control,M3/D,1,1,1,1,1,1,1,1,1,1,1,1,12,"[0,0,0,0.1,0.2,0.2,0.2,0.2,0.1,0,0,0]","The diversion and use of water for dust control, soil compaction.","While many licenses are for the full year, the majority of use is likely when there is less precipitation, between April and October.",
11A,Non-consumptive,Conservation: Storage,"M3/S, M3/D, M3/Y, TF ",1,1,1,1,1,1,1,1,1,1,1,1,12,"[1,1,1,1,1,1,1,1,1,1,1,1]","""conservation purpose"" means the diversion, retention or use of water for the purpose of conserving fish or wildlife and includes the construction of works for that purpose (Section 2, WSA). Subpurpose: Water is stored for conserving fish or wildlife.","Coefficients for 'Conserv.-Constr.Works' and 'Storage-Non Power' (Ecofish, 2015).",
02I34,Consumptive,Indl Waste Mgmt: Intake Wash,M3/D,1,1,1,1,1,1,1,1,1,1,1,1,12,"[1,1,1,1,1,1,1,1,1,1,1,1]",The diversion and use of water for the washing and cleaning of water intake screens.,No current licenses. 1 Abandoned license.,
07B,Non-consumptive,Power: Commercial,M3/S,1,1,1,1,1,1,1,1,1,1,1,1,12,"[1,1,1,1,1,1,1,1,1,1,1,1]","Power Purpose – ""power purpose"" means the use of water in the production of electricity or other power (Section 2, WSA)
Sub purpose - Power Commercial – Water Fees, Rentals and Charges Tariff Regulation Section 16 – “commercial” means the use, other than residential, of the capacity and energy generated from one or more power developments owned by the licensee, or of the entitlement to capacity and energy derived from water licences held by the licensee,
(a) by the licensee, or if sold by the licensee to immediate family members, employees or tenants of the licensee, by those persons, if the sum of the construction capacity and operating capacity of the licensee’s power development, or if the licensee has more than one power development, the sum of the construction capacity and operating capacity of the licensee’s power developments, does not exceed 499 kW,
(b) for the extraction or processing of natural resources, or the manufacturing of products, in a primary industrial facility in which the licensee has an interest of more than 50%, or
(c) in a facility that is adjacent to and integrated with a primary industrial facility in which the licensee has an interest of more than 50%, but only to the extent that the capacity and energy used in the adjacent and integrated facility is for the production of output consumed in or for the use of the industrial processes of the licensee;","Coefficients for 'Power-Commercial' (Ecofish, 2015).",
07A,Non-consumptive,Power: Residential,M3/S,1,1,1,1,1,1,1,1,1,1,1,1,12,"[1,1,1,1,1,1,1,1,1,1,1,1]","""power purpose"" means the use of water in the production of electricity or other power (Section 2, WSA)
Power Residential – Water Fees, Rentals and Charges Tariff Regulation Section 16 – “residential” means the use of the capacity and energy generated from a power development if
(a) the sum of the construction capacity and operating capacity of the power development does not exceed 50 kW, and
(b) that capacity is used to supply the household requirements of the licensee, including the requirements of any outbuildings, and may also be used in part to participate in the BC Hydro Net Metering Program.","Coefficients for 'Power-Residential' (Ecofish, 2015).",
02I40,Consumptive,Comm. Enterprise: Amusement Park,M3/D,1,1,1,1,1,1,1,1,1,1,1,1,12,"[1,1,1,1,1,1,1,1,1,1,1,1]",The diversion and use of water for the operation of commercial amusement parks.,"Coefficients for 'Enterprise' (Ecofish, 2015).",
01A01,Consumptive,Incidental - Domestic,M3/D,1,1,1,1,1,1,1,1,1,1,1,1,12,"[1,1,1,1,1,1,1,1,1,1,1,1]",Not defined.,"Coefficients for 'Domestic' (Ecofish, 2015). Note: water use likely to double in summer due to irrigation use (irrigation typically occurs May-September, with highest use in June-Aug), and be approximately half of that in winter. Could potentially use coefficients of 0.5 in the winter.",
02I20,Non-consumptive,Ice & Snow Making: Ice,M3/D,1,1,1,1,1,1,1,1,1,1,1,1,12,"[1,1,1,1,1,1,1,1,1,1,1,1]",Ice and snow making – The diversion and use of water for the commercial production of ice or for making snow or ice for a recreation facility or area.,"Water use varies. It is likely greatest in late July, early August (about 25% of yearly water is consumed in this time when the rink is created) and then maintenance use from Sep-Mar for levelling, etc.) (Rob Pakulak, City of Nanaimo). Most arenas remove their ice in March for lacrosse season (March-June) and put their ice back in between June and August because many communities have hockey camps starting in August. (For this reason, water is most likely to be used in late July, early August). ",
02I06,Consumptive,Misc Indl: Dewatering,"M3/S, TF",1,1,1,1,1,1,1,1,1,1,1,1,12,"[1,1,1,1,1,1,1,1,1,1,1,1]","Miscellaneous industrial – The diversion of water to dewater a construction site, mine or similar excavation;","Coefficients for 'Industrial' (Ecofish, 2015). ",
02I46,Consumptive,Transport Mgmt: Road Maint.,M3/D,1,1,1,1,1,1,1,1,1,1,1,1,12,"[1,1,1,1,1,1,1,1,1,1,1,1]","Water well drilling and transportation or utility corridor management4 – The diversion and use of water for water well drilling and for construction and maintenance of a transportation or utility corridors, including for 
? dust control, soil compaction;
? bridge washing;
? tunnelling, but not for mining;
? pressure testing or cleaning a pipeline;
? hydroseeding; or
? pesticide or fertilizer application, other than through an irrigation system.","While some water licenses are for the whole year, water use is most likely to happen in the months between Apr-Nov, following precipitation deficits (Barry Watson).",
02I19,Consumptive,Hydraulicking (Inactive),DNE,1,1,1,1,1,1,1,1,1,1,1,1,12,"[1,1,1,1,1,1,1,1,1,1,1,1]",,No current licenses.,
WSA05,Consumptive,Greenhouse & Nursery,M3/Y,0,0.12,0.12,0.24,1.2,1.68,2.88,2.88,2.04,0.72,0.12,0,12,"[0,0.01,0.01,0.02,0.1,0.14,0.24,0.24,0.17,0.06,0.01,0]","Greenhouse and nursery – The diversion and use of water in a facility for the indoor propagation of fruits, vegetables or other plants, or at a facility for the propagation of trees, plants or turf.","Use coeffcients for Nurseries. The largest users in this category are nureries, so the coefficients for nursery use are included, as that is a more conservative approach (nurseries use more than greenhouses in summer).",
02I32,Consumptive,Swimming Pool,"M3/D, TF",1,1,1,1,1,1,1,1,1,1,1,1,12,"[1,1,1,1,1,1,1,1,1,1,1,1]",The diversion and use of water for the operation and maintenance of a public or private swimming pool by a person that does not hold a licence for another industrial water use to which the swimming pool is incidental.,Use likely varies throughout year.,
02I04,Consumptive,Conveying (Inactive),DNE,1,1,1,1,1,1,1,1,1,1,1,1,12,"[1,1,1,1,1,1,1,1,1,1,1,1]",,No current licenses.,
WSA08,Consumptive,Livestock & Animal,M3/Y,0.84,0.84,0.84,0.84,0.84,1.44,1.8,1.2,0.84,0.84,0.84,0.84,12,"[1,1,1,1,1,1,1,1,1,1,1,1]","The diversion and use of water to provide drinking water and sanitation requirements in the operation or maintenance of a kennel, an animal shelter or boarding facility, a ranch or feedlot operation, or a game farm2, dairy farm, pig farm or poultry farm, or similar enterprise for rearing livestock.",Based on MAFF Livestock Watering Factsheets. Returns are 0 as the water goes to animal/milk/meat.,
WSA08,Consumptive,Livestock & Animal,M3/D,1,1,1,1,1,1,1,1,1,1,1,1,12,,,"Coefficients for 'Stockwatering [MD]' (Ecofish, 2015). ",
04A,Non-consumptive,Land Improve: General,"M3/S, M3/D, M3/Y, TF ",1,1,1,1,1,1,1,1,1,1,1,1,12,"[0.0833333,0.0833333,0.0833333,0.0833333,0.0833333,0.0833333,0.0833333,0.0833333,0.0833333,0.0833333,0.0833333,0.0833333]","Water is diverted or impounded to protect land, to facilitate the development
of a recreation facility or of a park or other protected area or the reclamation, drainage or other improvement
of land. Ponds for aesthetic purposes are included in this purpose.","Coefficients for 'Land Improve' (Ecofish, 2015). Generally, the intent is to take water from a stream and place in another location. In some cases, water may be returned to the same stream and it may be non-consumptive. In other cases, it may be consumptive. Identified as consumptive in Rood & Hamilton, 1995.",
03B,Consumptive,Irrigation: Private,M3/Y,0,0,0,0,1.2,3,3.6,3,1.2,0,0,0,12,"[0,0,0,0.1,0.2,0.2,0.2,0.2,0.1,0,0,0]","""Irrigation Purpose"" means the use of water on cultivated land or hay meadows to nourish crops or on pasture to nourish forage; (Section 2, WSA). Water is used for irrigation purpose, other than provided by a local provider.","Coefficients obtained from BC Agriculture Water Calculator and Agriculture Water Demand Model runs for several BC watersheds (Delta, Kelowna, Koksilah). Confirmed with Ted van der Gulik and Stephanie Tam (MAFF).",
02I27,Consumptive,Misc Indl: Sediment Control,"M3/S, M3/Y, TF ",1,1,1,1,1,1,1,1,1,1,1,1,12,"[0,0,0,0.1,0.2,0.2,0.2,0.2,0.1,0,0,0]",The impoundment of water in a settling pond for sediment control,"Coefficients for 'Industrial' (Ecofish, 2015).",
02I13,Consumptive,Crops: Flood Harvesting,M3/Y,0,0,0,0,0,0,0,0,3,6,3,0,12,"[0,0,0,0,0,0,0,0,0.25,0.5,0.25,1]","The diversion and use of water to harvest crops, such as cranberries or wild rice, by flooding.","Based on conversations with Carolyn Teasdale, Stephanie Tam, Ted van der Gulik.",
02I23,Consumptive,O&G: Oil Fld Inject (non-deep GW),M3/D,1,1,1,1,1,1,1,1,1,1,1,1,12,"[1,1,1,1,1,1,1,1,1,1,1,1]","Water that is not deep groundwater is pumped into the subsurface to assist in the recovery of oil or natural gas. [Note, ‘other than deep groundwater’ includes groundwater that is not ‘deep groundwater’ as well as stream water.]","Varies with market conditions and specific license conditions (e.g. EFN requirements). Use is fully consumptive (Suzan Lapp, BC Oil and Gas Commission).",
02I09,Consumptive,Camps & Pub Facil: Exhibition Grnds,M3/D,1,1,1,1,1,1,1,1,1,1,1,1,12,"[1,1,1,1,1,1,1,1,1,1,1,1]",The use of water for public exhibition grounds.,"Coefficients for 'Camps' and 'Public Facilities' (Ecofish, 2015).",
08B,Non-consumptive,Aquifer Storage: NP,M3/Y,1,1,1,1,1,1,1,1,1,1,1,1,12,"[1,1,1,1,1,1,1,1,1,1,1,1]",Water from an aquifer is stored so that it can be used for purposes other than power production,"Coefficients for 'Storage-Non Power' (Ecofish, 2015). This would be associated with a diversion purpose.",
WSA12,Consumptive,Vehicle & Equipment,M3/D,1,1,1,1,1,1,1,1,1,1,1,1,12,"[1,1,1,1,1,1,1,1,1,1,1,1]","The diversion and use of water to wash trucks, other vehicles or equipment, operate equipment to explore for, take samples or quarry rock, or to cool the brakes on logging trucks or other vehicles.","Coefficients for 'Truckwashing' (Ecofish, 2015). ",
02I42,Consumptive,"Lwn, Fairway & Grdn: Res L/G",M3/Y,0,0,0,0,1.2,3,3.6,3,1.2,0,0,0,12,"[1,1,1,1,1,1,1,1,1,1,1,1]",The diversion and use of water for watering a  the portion of a lawn or ornamental garden that is adjoining and occupied with a dwelling which garden/lawn is larger than 1 000m2.,"Based on variations in use for Irrigation. It is likely that most water use would occur during growing months (May-Sep) but in some areas, may occur in Apr-Oct..",
WSA11,Consumptive,"Lawn, Fairway & Garden",M3/Y,0,0,0,0,1.2,3,3.6,3,1.2,0,0,0,12,"[0,0,0,0.1,0.2,0.2,0.2,0.2,0.1,0,0,0]","The diversion and use of water for watering a golf course, sports field, park or similar property, as well as watering a commercial lawn, an ornamental garden that is not adjoining and occupied with a dwelling and the portion of an ornamental garden that is adjoining and occupied with a dwelling which garden is larger than 1 000m2.","Based on variations in use for Irrigation. It is likely that most water use would occur during growing months (May-Sep) but in some areas, may occur in Apr-Oct..",
WSA09,Consumptive,Processing & Manufacturing,M3/D,1,1,1,1,1,1,1,1,1,1,1,1,12,"[1,1,1,1,1,1,1,1,1,1,1,1]","The diversion and use of water for the operation of a sawmill, shipyard, factory or other manufacturing facility or for the operation of a wharf, and includes the use of water in a gravel washing plant or the use in an industrial context of water to prevent a fire.","Coefficients for 'Processing' (Ecofish, 2015).",
03A,Consumptive,Irrigation: Local Provider,M3/Y,0,0,0,0,1.2,3,3.6,3,1.2,0,0,0,12,"[0,0,0,0.1,0.2,0.2,0.2,0.2,0.1,0,0,0]",Water is supplied by a local provider for irrigation purpose within the local provider’s service area. See the definition of ‘local provider’ in the Water Sustainability Fees Rentals and Charges Tariff Regulation.,"Coefficients obtained from BC Agriculture Water Calculator and Agriculture Water Demand Model runs for several BC watersheds (Delta, Kelowna, Koksilah). Confirmed with Ted van der Gulik and Stephanie Tam (MAFF).",
02I03,Consumptive,Camps & Pub Facil: Church/Com Hall,M3/D,1,1,1,1,1,1,1,1,1,1,1,1,12,"[1,1,1,1,1,1,1,1,1,1,1,1]",The diversion and use of water for the operation of a church or community hall,"Coefficients for 'Camps' and 'Public Facilities' (Ecofish, 2015).",
02I05,Consumptive,Crops: Crop Suppression,M3/Y,0,0,0,0,0,0,4.2,6,1.8,0,0,0,12,"[1,1,1,1,1,1,1,1,1,1,1,1]",The diversion and use of water to prevent crops from reaching maturity or to delay maturation of crops.,"Crop suppression is not based on crop water demand so it really depends on how it is applied.  Suppression would likely not happen until near the end of July, August and September so the breakdown would be approximately July 35%, August 50% and September 15% (Ted Van der Gulik, 2021).",
02D,Consumptive,Comm. Enterprise: Enterprise,M3/D,1,1,1,1,1,1,1,1,1,1,1,1,12,"[1,1,1,1,1,1,1,1,1,1,1,1]","The diversion and use of water
(a) for the operation of apartment buildings, hotels, motels, restaurants, service stations, mobile home, trailer or manufactured home parks, public campgrounds, including campgrounds in public parks, and commercial campgrounds, other than campgrounds associated with recreational camps, marinas, commercial amusement parks, including water parks, or commercial enterprises, or
(b) in a food and beverage processing plant.","Coefficients for 'Enterprise' (Ecofish, 2015).",
02I18,Consumptive,Heat Exchanger,M3/D,1,1,1,1,1,1,1,1,1,1,1,1,12,"[1,1,1,1,1,1,1,1,1,1,1,1]",The diversion and use of water in industrial and commercial operations to extract or dissipate heat by passing water through an open loop system.,"Water use likely higher in winter months than summer months. In BC, water use for heating is more common than water use for cooling.",
02B,Consumptive,Processing & Mfg: Processing,M3/D,1,1,1,1,1,1,1,1,1,1,1,1,12,"[1,1,1,1,1,1,1,1,1,1,1,1]","The diversion and use of water for the operation of a sawmill, shipyard, factory or other manufacturing facility or for the operation of a wharf, and includes the use of water in a gravel washing plant or the use in an industrial context of water to prevent a fire.","Coefficients for 'Processing' (Ecofish, 2015). ",
05E,Consumptive,O & G: Hydrlc Frctrg (non-deep GW),M3/D,1,1,1,1,1,1,1,1,1,1,1,1,12,"[1,1,1,1,1,1,1,1,1,1,1,1]","Water that is not deep groundwater is injected under high pressure to fracture a subsurface formation to assist in the recovery of oil or natural gas. [Note, ‘other than deep groundwater’ includes groundwater that is not ‘deep groundwater’ and stream water.]","Varies with market conditions and specific license conditions (e.g. EFN requirements). Use is fully consumptive (Suzan Lapp, BC Oil and Gas Commission).",
00C,Consumptive,Waterworks: Sales,M3/D,1,1,1,1,1,1,1,1,1,1,1,1,12,"[1,1,1,1,1,1,1,1,1,1,1,1]","Water is sold to customers by the authorization holder, other than water delivery.","Same as Waterworks: Local Provider. Water use typically doubles in peak summer months due to increased use for irrigation, washing and bathing, tourism, etc.",
00C,Consumptive,Waterworks: Sales,M3/Y,0.8,0.8,0.8,0.8,1,1.2,1.6,1.6,1,0.8,0.8,0.8,12,,same as waterworks local provider,"Same as Waterworks: Local Provider. Water use typically doubles in peak summer months due to increased use for irrigation, washing and bathing, tourism, etc.",
02I22,Consumptive,Grnhouse & Nursery: Nursery,M3/Y,0,0.12,0.12,0.24,1.2,1.68,2.88,2.88,2.04,0.72,0.12,0,12,"[0,0.01,0.01,0.02,0.1,0.14,0.24,0.24,0.17,0.06,0.01,0]","The diversion and use of water in a facility for the indoor propagation of trees, plants or turf.","Based on actual use data from a 25-acre nursery in the Fraser Valley, provided by Dave Woodske, P.Ag. | Industry Specialist, Ornamentals and Greenhouse Vegetables, Ministry of Agriculture",
STU,Consumptive,Equipment (02139),,1,1,1,1,1,1,1,1,1,1,1,1,12.00,,,Assume same as 'Industrial',
STU,Consumptive,Industrial: Fire Suppression,,1,1,1,1,1,1,1,1,1,1,1,1,12.00,,,Assume same as 'Industrial',
STU,Consumptive,Industrial: Pressure Testing,,1,1,1,1,1,1,1,1,1,1,1,1,12.00,,,Assume same as 'Industrial',
STU,Consumptive,Industrial: Road Maintenance,,1,1,1,1,1,1,1,1,1,1,1,1,12.00,,,Assume same as 'Industrial',
STU,Consumptive,Industrial: Work Camp,,1,1,1,1,1,1,1,1,1,1,1,1,12.00,,,Assume same as 'Work Camps',
STU,Consumptive,Oil & Gas Purpose: Hydraulic Fracturing,,1,1,1,1,1,1,1,1,1,1,1,1,12.00,,,Assume same as 'Industrial',
STU,Consumptive,Oil & Gas Purpose: Oil Field Injection,,1,1,1,1,1,1,1,1,1,1,1,1,12.00,,,Assume same as 'Industrial',
STU,Consumptive,Oil & Gas Purpose: Other,,1,1,1,1,1,1,1,1,1,1,1,1,12.00,,,Assume same as 'Industrial',
STU,Consumptive,Oil & Gas Purpose: Well Drilling,,1,1,1,1,1,1,1,1,1,1,1,1,12.00,,,Assume same as 'Industrial',
STU,Consumptive,Other Water Purpose,,1,1,1,1,1,1,1,1,1,1,1,1,12.00,,,Assume same as 'Industrial',
STU,Non-consumptive,Storage - Non Power,,1,1,1,1,1,1,1,1,1,1,1,1,12.00,,,Assume same as 'Storage',
STU,Non-consumptive,Storage Purpose,,1,1,1,1,1,1,1,1,1,1,1,1,12.00,,,Assume same as 'Storage',
STU,Consumptive,Unspecified,,1,1,1,1,1,1,1,1,1,1,1,1,12.00,,,Assume same as 'Industrial',
STU,Consumptive,Monthly coefficients for dugouts,,0.24,0.12,0.24,0.72,2.4,2.88,2.04,1.08,0.84,0.72,0.36,0.36,12.00,,,From RSEA project,